,"TIC, sector, std of lc, and noise are the same 
for all 4 ranges
(0-1, 1-5, 5-10, 10-15 days)",,,,0-1 day range,,,,.9-5 day range,,,,4.9-10 day range,,,,9.9-15 day range,,,
,TIC,sector,std of lc,noise level [%],period [days],max amp [%],avg amp [%],max amp / noise,period [days],max amp [%],avg amp [%],max amp / noise,period [days],max amp [%],avg amp [%],max amp / noise,period [days],max amp [%],avg amp [%],max amp / noise
,327587572,19,0.00407625,0.00557617,0.0034082834136263005 d,0.02090807,0.00558557,3.74953731,1.8647641244999784 d,0.01694471,0.006989,3.03877078,6.755055910786635 d,0.02088445,0.01454009,3.74530155,12.094956794094323 d,0.01699961,0.01461693,3.04861635
,247923021,6,0.01140093,0.01659599,0.004520593737119165 d,0.06706111,0.01665513,4.04080325,3.4262851564738708 d,0.05977058,0.02334918,3.60150795,8.44792538129272 d,0.02422252,0.02071388,1.45954114,10.612888678337413 d,0.02018486,0.01313899,1.21624958
,247923021,33,0.01069672,0.01436569,0.9085742045704949 d,0.05596472,0.01444518,3.89572068,0.9108383243188759 d,0.05610826,0.01852091,3.90571286,6.175758639440941 d,0.02973821,0.01701862,2.07008597,10.242923225457004 d,0.02007092,0.01691602,1.39714268
,149505899,23,0.01041733,0.01621042,0.005134425259072825 d,0.06318664,0.01626283,3.89790209,0.9049305758103455 d,0.05404795,0.02345503,3.33414835,5.27174951841822 d,0.03877875,0.02781997,2.39221094,12.051967702650135 d,0.02970889,0.02412532,1.83270273
,147921014,14,0.03542899,0.04626636,0.8817738267344012 d,0.2031891,0.04623958,4.39172409,3.643151953146502 d,0.35287101,0.0889088,7.62694507,5.986631931364562 d,0.17919072,0.14479488,3.87302379,13.492467875147318 d,0.06065194,0.05308834,1.31092959
,147921014,20,0.03522047,0.04701714,0.0030932657311578864 d,0.16975769,0.04687642,3.61054881,4.3403365408322 d,0.14330569,0.06082283,3.04794546,7.66889510683097 d,0.2986565,0.18609522,6.35207661,13.46513241380888 d,0.41210738,0.35992468,8.76504483
,147921014,21,0.03232955,0.04194985,0.008357071222520284 d,0.14808301,0.04215148,3.53000077,4.100329821981198 d,0.15163608,0.06076415,3.61469874,6.95010008738853 d,0.18059478,0.1015059,4.30501589,15.0 d,0.02803338,0.02113108,0.66825925
,471015233,25,0.19448562,0.3284656,0.8891349358254379 d,1.43503375,0.32399436,4.36890116,3.3188459627683073 d,3.24361812,1.04632066,9.87506181,7.196045508225355 d,2.89293965,1.42595301,8.80743565,15.0 d,1.71992328,1.46255338,5.23623559
,383553764,19,0.00010269,0.0001409,0.7615906476742372 d,0.0036531,0.00013604,25.9263587,1.5786768818147654 d,0.00082559,0.00035079,5.85929577,10.0 d,0.00095538,0.00052359,6.78039337,11.019676049008384 d,0.00107393,0.00086076,7.62176492
variable,383553764,20,0.00014464,0.00019308,0.7624414929126846 d,0.0041059,0.00019034,21.2648646,1.8713474971739301 d,0.000866,0.00035041,4.48510367,10.0 d,0.00104098,0.00045844,5.39131127,10.302445824453748 d,0.00103007,0.00066827,5.33485212
,383553764,25,8.92E-05,0.00012037,0.7579109650536321 d,0.00192357,0.00011701,15.980004,3.598333976532974 d,0.00125193,0.00036986,10.4003467,5.168288086264255 d,0.00126392,0.00071079,10.5000048,10.221894633471063 d,0.00092361,0.00054827,7.6728718
variable,166698220,2,0.00014449,0.00018933,0.8457075015837568 d,0.00652218,0.00017879,34.4483283,4.659933144289871 d,0.00164894,0.00044127,8.70925846,4.946394098930785 d,0.00122975,0.00043589,6.49520443,10.432165658974862 d,0.00071013,0.00056493,3.7507176
,166698220,3,0.00013343,0.00020598,0.8492311314999521 d,0.00540221,0.00019678,26.2270374,0.9030121269847281 d,0.00215454,0.00054007,10.4600016,6.697229229606994 d,0.00095848,0.00063562,4.65328834,11.575030777089289 d,0.0007805,0.0006571,3.78922701
,166698220,29,0.00017358,0.00024601,0.8431836140698064 d,0.00475777,0.00024022,19.3399822,4.303952453253542 d,0.00238811,0.00075698,9.70748445,9.251879725048408 d,0.00100947,0.00073331,4.10341408,10.099863324080363 d,0.00089621,0.00046638,3.64302013
,166698220,30,0.00015619,0.00021363,0.8446378628923239 d,0.00581054,0.00020528,27.1989222,4.484457396282137 d,0.0013287,0.00058654,6.21958707,10.0 d,0.00115451,0.00068878,5.40420885,10.275039743305475 d,0.00114358,0.00095083,5.35303768
,41232189,3,0.00047138,0.0007428,0.24887512346517382 d,0.03686903,0.00027156,49.6355062,4.176202015674583 d,0.00279565,0.00120656,3.76368277,5.915723488516116 d,0.00164832,0.00101154,2.21907839,10.388997290296613 d,0.00146802,0.00121157,1.97634048
,41232189,6,0.00047012,0.00068436,0.26240389725970925 d,0.03428391,0.000288,50.0962073,3.223392879165013 d,0.00317298,0.00078992,4.63641402,6.446785758330022 d,0.00321066,0.0017997,4.6914711,10.61292888938486 d,0.00066961,0.00045301,0.97844994
,41232189,9,0.00049193,0.00069578,0.24865596010727126 d,0.0369367,0.00031068,53.0863958,4.140687625746461 d,0.00322729,0.00082323,4.63834215,5.464135633046823 d,0.00275527,0.00140513,3.9599493,15.0 d,0.0013534,0.00084171,1.94514038
,41232189,10,0.00043815,0.00060884,0.24872287197353596 d,0.03589458,0.00026995,58.95613,3.2966935733791045 d,0.00274802,0.00111704,4.51356007,5.335135771168427 d,0.00162264,0.00101734,2.66516009,15.0 d,0.00089313,0.00078771,1.46695297
variable,41232189,13,0.00051688,0.00065488,0.24892377621458864 d,0.03733099,0.00039153,57.004383,3.6991387724316653 d,0.00378947,0.00110883,5.78650955,7.398277544863331 d,0.00383254,0.00247003,5.85229067,11.393852742604544 d,0.00135604,0.00098991,2.07067395
,41232189,30,0.00045611,0.00064113,0.2491977419770061 d,0.03559553,0.00026225,55.5203885,4.474734075268988 d,0.00263314,0.00071918,4.1070536,5.609891807965684 d,0.00358246,0.00217562,5.58776394,12.148014601180032 d,0.00262883,0.00220357,4.10033695
,41232189,33,0.00047864,0.00064208,0.24883641532839068 d,0.03662283,0.00023324,57.0381211,4.479869195982384 d,0.00236082,0.00072406,3.67685274,6.1758076384929605 d,0.00248129,0.00118367,3.86447275,13.439607587947155 d,0.00066233,0.00060892,1.03154928
,41232189,36,0.00043948,0.00062637,0.2489892473537616 d,0.03187405,0.00026849,50.8870492,5.0 d,0.0043793,0.00070982,6.99157257,4.986505111391004 d,0.00439515,0.00267181,7.01686789,9.981990612876462 d,0.00293861,0.00225453,4.69150268
,41232189,37,0.00048864,0.00068947,0.24891241273368553 d,0.03478016,0.00024722,50.4450992,5.0 d,0.00392499,0.00068841,5.69279923,5.250939710244149 d,0.00419773,0.00231712,6.08838904,10.044728771219182 d,0.00123533,0.00072672,1.79172082
,298165335,16,0.00017461,0.00024897,0.9916950117822924 d,0.00441425,0.00024428,17.7302223,0.9960598743882136 d,0.00440232,0.00078506,17.6822982,4.98766888766384 d,0.00048274,0.0003588,1.93898323,11.988144589309165 d,0.00041011,0.0003821,1.64725643
,298165335,22,0.00021576,0.00028659,0.9853392481204335 d,0.00334884,0.0002836,11.6852865,0.9819914399571177 d,0.00334319,0.00087111,11.6655897,8.704819669258068 d,0.00070871,0.00053895,2.47294115,10.370814510367026 d,0.00058127,0.00032071,2.02825464
,298165335,23,0.00018469,0.00026322,0.9770516270813487 d,0.00432371,0.00025801,16.4261215,0.9709802476022665 d,0.00430279,0.00091119,16.3466445,5.60880074854793 d,0.00232565,0.00129781,8.83533002,12.146991242390493 d,0.00066008,0.00055718,2.50770351
,198456033,14,0.00103467,0.00135109,0.053715388698419096 d,0.05765147,0.00058481,42.6702713,0.9204555038776744 d,0.00739268,0.00217905,5.47163026,5.080380568013058 d,0.00628738,0.00281734,4.65355403,13.492442939965068 d,0.00233891,0.00213801,1.73112262
,198456033,15,0.00106159,0.00146862,0.053716337745948015 d,0.06059785,0.00067332,41.2616756,1.6268571916748722 d,0.00631466,0.00214258,4.29971519,5.004231661639659 d,0.0036836,0.00256091,2.50819926,10.26864210618409 d,0.00167413,0.00099265,1.13993332
,198456033,16,0.00106264,0.00152736,0.05370652628752342 d,0.06082405,0.00066004,39.823042,5.0 d,0.00461206,0.00196572,3.01963478,5.201565988200489 d,0.00460538,0.00224303,3.01525638,11.984752014122362 d,0.00086288,0.00070956,0.56494717
,198456033,17,0.00105481,0.00160452,0.053706960270493466 d,0.06098569,0.00075483,38.0085636,0.9206044591074136 d,0.00599275,0.00179035,3.7349086,10.0 d,0.00223328,0.00121795,1.39186281,10.753762235973944 d,0.00223771,0.0016683,1.39462402
variable,198456033,18,0.00106463,0.00156935,0.05370347522471236 d,0.06163658,0.00067783,39.2751375,1.4864311083530803 d,0.00573213,0.00253452,3.6525394,5.140054478931426 d,0.00369642,0.00183651,2.3553742,15.0 d,0.00103278,0.0005377,0.65809155
,198456033,19,0.00106977,0.00148666,0.05370864879177177 d,0.05821647,0.00068984,39.1593249,0.9209588365477123 d,0.00483213,0.00204231,3.25033616,5.062727113900276 d,0.00443018,0.00200421,2.97996134,10.083287858069724 d,0.00093616,0.00085868,0.62970785
,198456033,20,0.00105736,0.00141135,0.053697919876958294 d,0.05642156,0.00067903,39.9770759,0.9246291095079211 d,0.00576391,0.00224481,4.08397916,9.293743790444916 d,0.0042888,0.00337423,3.03879703,10.302509892778597 d,0.00396297,0.00229758,2.80793551
,198456033,21,0.00105369,0.00137276,0.05370996454475422 d,0.05758386,0.00063274,41.9474599,4.823609673921229 d,0.00783286,0.00249305,5.70591713,4.940937773156094 d,0.00777993,0.00422228,5.66735401,10.425228299525891 d,0.00537921,0.00386264,3.9185307
,198456033,22,0.00104749,0.00143683,0.053697412113014396 d,0.05679904,0.00065945,39.5307541,1.6513551412856846 d,0.00664714,0.00211091,4.62624537,5.213067357999151 d,0.00499184,0.00248447,3.47419831,12.199445231455378 d,0.00207164,0.00181646,1.44181117
,198456033,23,0.0009918,0.00143624,0.053695260846525004 d,0.05243334,0.00076116,36.5073065,0.9172285199616024 d,0.00576909,0.002413,4.0167909,6.790275686778993 d,0.00352712,0.00232304,2.4557959,13.414733171320462 d,0.00193124,0.00128509,1.34464651
,198456033,24,0.00105864,0.00148134,0.053712569771772765 d,0.06158222,0.00068942,41.571967,5.0 d,0.00870601,0.00314767,5.87712114,5.046189959221502 d,0.00869717,0.00542663,5.8711523,15.0 d,0.00748006,0.00466969,5.04952329
,198456033,25,0.0010624,0.0014339,0.05369937439814169 d,0.05776351,0.0006781,40.2843043,1.6315918697229472 d,0.00549604,0.00186009,3.83294385,4.968278558378438 d,0.00231997,0.00128825,1.61794869,11.106388106747538 d,0.0016696,0.00153643,1.16438219
,198456033,26,0.00108215,0.0014736,0.053699566619193076 d,0.06080939,0.00069753,41.2657396,1.6607213563862886 d,0.00621817,0.00233701,4.21969688,10.0 d,0.00198363,0.00131709,1.34610445,13.385155991240552 d,0.00277226,0.00249218,1.88127792
,181240911,10,0.00034928,0.00048891,0.9689402297275356 d,0.00247451,0.00047144,5.06133084,2.657420822027525 d,0.00645165,0.00257159,13.1961056,6.7529648016941115 d,0.00496353,0.00309221,10.1523311,12.092721882298525 d,0.00250553,0.00217546,5.12478313
,165370459,22,0.00055237,0.0007552,0.5684134155133824 d,0.00433243,0.00074269,5.73680836,1.7716179322274899 d,0.00600724,0.00271742,7.95451638,10.0 d,0.00596922,0.00346333,7.90416568,10.305243101733284 d,0.00584719,0.00379848,7.74257769
,165370459,23,0.00048108,0.00075378,0.642158600187318 d,0.0032683,0.00074537,4.33589737,1.793282641662717 d,0.00593203,0.00239827,7.86974955,7.503647573305811 d,0.0051181,0.00319089,6.78994685,13.336214588074625 d,0.00570166,0.00421839,7.56412621
,219752116,24,0.00091992,0.00137043,0.6990877149884094 d,0.00539562,0.00135358,3.9371768,5.0 d,0.00896924,0.00367378,6.54483812,6.541911533686051 d,0.01212883,0.00690173,8.85038309,15.0 d,0.00836327,0.00541637,6.10266033
,27533327,14,0.0008354,0.0010926,1.0 d,0.01691332,0.00104011,15.4798659,0.9955559689202051 d,0.01700397,0.00566623,15.5628364,8.17352601215176 d,0.01368613,0.00924107,12.5261904,13.492471422474402 d,0.01049906,0.0099885,9.60923814
,27533327,15,0.00175516,0.00242709,0.6253980703479802 d,0.01145538,0.00228746,4.71980632,5.0 d,0.04239468,0.01351344,17.4673029,5.004246985364554 d,0.04254469,0.02326154,17.5291099,12.191379950298272 d,0.02947256,0.02570162,12.1431785
,39464221,25,0.00026198,0.00039125,0.8315200376955488 d,0.00255806,0.00029836,6.53817061,5.0 d,0.01349769,0.00265355,34.4988851,5.620201808648703 d,0.01520567,0.01282382,38.8643315,10.220926535060807 d,0.0093228,0.00671467,23.8282283
,39464221,26,0.00027476,0.0003742,1.0 d,0.00491191,0.00025556,13.1264452,4.307152954035927 d,0.00921126,0.00281144,24.6159174,5.800907008665519 d,0.0215836,0.01317981,57.6794451,10.117505376934034 d,0.01103892,0.00723035,29.5001056
variable,441120034,1,0.00151288,0.00198581,0.8225803167769622 d,0.00423161,0.00038962,2.13092907,5.0 d,0.02378216,0.00531093,11.9760653,10.0 d,0.13072295,0.05979486,65.8286171,12.338704751654424 d,0.18432287,0.16668389,92.82012
,441120034,28,0.00075081,0.00112875,0.8208414471903883 d,0.00282147,0.00047388,2.49965489,5.0 d,0.06350093,0.00664833,56.2579737,5.59990854421823 d,0.0840738,0.04996611,74.4842933,10.769118027221477 d,0.04465844,0.03950078,39.56467
,140282069,5,0.00039526,0.00052407,1.0 d,0.002656,0.00037414,5.0680056,5.0 d,0.01640195,0.0032528,31.2971567,8.141320038472694 d,0.02419681,0.01849989,46.1708203,10.2979253148984 d,0.02102655,0.01553502,40.1215265
,140282069,6,0.00030468,0.00044359,0.6485161025013697 d,0.00150785,0.00039039,3.39919195,4.22396250068529 d,0.00786089,0.00207479,17.7210288,5.764052478547926 d,0.01503293,0.00946856,33.8891818,10.612887778937328 d,0.01139692,0.00963334,25.6924049
,140282069,32,0.00029382,0.00039233,1.0 d,0.0015246,0.00036685,3.88600176,5.0 d,0.00725187,0.00169027,18.4840337,5.408055176411712 d,0.00917348,0.00569811,23.3819612,13.443444277725046 d,0.00640873,0.00495216,16.3349939
,140282069,33,0.00034658,0.00046494,0.7916567270161443 d,0.00348798,0.00039256,7.50206616,4.057742861997848 d,0.0099324,0.00249175,21.3629615,10.0 d,0.01800631,0.00902962,38.7286425,10.242933201378019 d,0.01811011,0.01444256,38.9518843
variable,32869782,6,0.00382971,0.00557479,0.9007115117819365 d,0.01352732,0.00068983,2.42651574,3.7835389829288797 d,0.30322198,0.03792043,54.3916268,7.312910244879587 d,0.39077958,0.19229146,70.0976123,13.183431920500983 d,0.22667145,0.1887425,40.6600751
,32869782,32,0.0028362,0.0038004,0.8324253908648483 d,0.01087944,0.00047783,2.86270867,3.8176508438751555 d,0.23881995,0.03437257,62.8407359,7.2091170166955445 d,0.25988069,0.14117724,68.3824532,12.172563543289694 d,0.14519184,0.12437419,38.2043534
,32869782,33,0.00276491,0.00370902,0.8837148259576573 d,0.01024953,0.00041288,2.76340391,3.81791328563181 d,0.33043061,0.03665551,89.0883436,8.115487041906887 d,0.17097416,0.08619913,46.0968339,15.0 d,0.06448567,0.04521711,17.3861652
,365653206,13,0.00049174,0.00062308,1.0 d,0.00330444,0.000622,5.30342261,3.431307539258315 d,0.00351164,0.00133915,5.63596985,6.3992982657395645 d,0.00358342,0.00244118,5.75117621,13.568510274984938 d,0.00194228,0.00145389,3.1172393
,229980646,10,0.00065162,0.00091779,0.9687860799208223 d,0.00482343,0.000773,5.25545399,2.54247377569953 d,0.00760837,0.00288447,8.28983312,8.612536673576258 d,0.01531153,0.00686945,16.6829537,10.112625584026219 d,0.00746543,0.00446515,8.13409451
,229980646,37,0.00059096,0.0008451,0.004061466490198644 d,0.00311616,0.00084508,3.68734163,3.756214133131486 d,0.00477513,0.00147276,5.65039078,9.2354703998443 d,0.00438143,0.00278901,5.18452406,10.022106906712974 d,0.00385722,0.0026681,4.56422883
,219820925,14,0.00045254,0.00241737,0.10148024400529616 d,0.06037209,0.00120236,24.9743352,4.496852509073104 d,0.0054334,0.00143711,2.24765215,8.171419204168377 d,0.00453912,0.0029812,1.87771436,10.362298755715447 d,0.00234295,0.002194,0.96921764
variable,219820925,15,0.00045247,0.00245172,0.10148218817796706 d,0.06048327,0.00119415,24.6697639,0.9090825230823427 d,0.00272849,0.00127807,1.11289052,5.9090636544373565 d,0.00217324,0.00183795,0.88641501,10.263121353833254 d,0.00085217,0.000561,0.34757986
,219820925,16,0.00044226,0.00242955,0.10149320053674905 d,0.05820136,0.00121502,23.955606,4.457008932128987 d,0.00353062,0.0014188,1.45319874,6.375382366231995 d,0.00274963,0.00183496,1.13174221,15.0 d,0.00105759,0.00082171,0.4353046
,219820925,17,0.00045698,0.00259935,0.10146656434779416 d,0.06012405,0.00147063,23.1304207,1.4359184570282957 d,0.0030346,0.00158657,1.1674442,6.095554497182081 d,0.00201228,0.001469,0.7741461,10.132363248761758 d,0.00185476,0.00131001,0.71354589
,219820925,18,0.00045237,0.00255869,0.1014564469021584 d,0.05948506,0.0013101,23.2482423,2.139658000565984 d,0.00431668,0.00178267,1.6870667,6.3097069910898504 d,0.00135533,0.00103229,0.52969626,9.991285803049285 d,0.00110757,0.00068588,0.43286685
,219820925,20,0.00045725,0.00248113,0.1014223631434774 d,0.05898616,0.00127424,23.7738864,2.898620123260037 d,0.00525078,0.0017775,2.11628434,7.238209118883398 d,0.00517193,0.00324622,2.08450206,12.205696983379942 d,0.00093142,0.00072106,0.37540125
,219820925,21,0.00045239,0.00245934,0.10149354001670173 d,0.05637466,0.00138732,22.9226504,3.1295763339757445 d,0.00639866,0.0023803,2.601775,9.304856996672235 d,0.00941046,0.00633297,3.82641057,10.357361726464925 d,0.00904719,0.00620769,3.67870099
,219820925,22,0.00045837,0.00242982,0.1014633264252209 d,0.05980001,0.00131332,24.6108831,4.502423516407492 d,0.00384606,0.00178793,1.58285668,4.922580157698514 d,0.00260544,0.00152826,1.07227526,10.401843055084434 d,0.00194226,0.00115377,0.79934287
,219820925,23,0.00046225,0.00262662,0.10142834607156803 d,0.05800647,0.00162814,22.0840499,1.6154694235466829 d,0.00473356,0.00171347,1.80214768,6.255500816120109 d,0.00477458,0.00343989,1.81776281,10.352361449116305 d,0.00257421,0.00215177,0.98004542
,219820925,24,0.0004413,0.00241045,0.10143473064395236 d,0.05862367,0.00136088,24.3206113,4.817769092189553 d,0.00260097,0.00135736,1.07903656,7.255590926237886 d,0.00300164,0.00192217,1.24525979,12.2254520509339 d,0.00199319,0.00161782,0.82689402
,219820925,25,0.00044928,0.00263404,0.10143530210062124 d,0.05886993,0.00164649,22.3496303,1.0534463252650879 d,0.00561942,0.00210859,2.13337927,4.963690505232163 d,0.00430936,0.00238815,1.63602391,15.0 d,0.00139828,0.0009321,0.53085044
,219820925,26,0.00045485,0.00270393,0.10142914885321185 d,0.0597543,0.00165289,22.0990655,3.197419896216259 d,0.00370386,0.00173784,1.36980516,6.3948397924325135 d,0.00398116,0.00226619,1.47236096,13.383227280362675 d,0.00139359,0.00104315,0.51539366
,229945862,14,0.00028221,0.00150746,0.05172077636505639 d,0.00424615,0.00144164,2.81675404,2.863827903390055 d,0.00698423,0.00250245,4.6331083,5.076942440172617 d,0.00563556,0.00360312,3.73844561,15.0 d,0.00291313,0.00173331,1.93247554
,229945862,15,0.00033947,0.00183945,0.05550825161420361 d,0.00788068,0.00175357,4.28424943,3.5135162807625457 d,0.01001875,0.00277303,5.44658757,5.000006623017411 d,0.00712527,0.00364378,3.87357939,10.263166480805086 d,0.0037185,0.00197358,2.02152336
,229945862,16,0.00032146,0.00176682,0.04607750437558997 d,0.0060954,0.00168246,3.44993877,4.301309283105924 d,0.00862911,0.00279996,4.88399256,6.723546700511405 d,0.00750113,0.00404491,4.24556475,15.0 d,0.0053844,0.00433848,3.04752042
,229945862,17,0.00030445,0.00174075,0.05547655004265377 d,0.00688369,0.00165336,3.95443852,4.162005810768113 d,0.00787239,0.0028255,4.52241526,6.742064562120848 d,0.00902387,0.00467761,5.183903,12.08106300827712 d,0.00658511,0.00605664,3.78291451
,229945862,18,0.00028923,0.00159348,0.05546203743863531 d,0.00553763,0.00146868,3.47518001,3.348609957405547 d,0.00768,0.0029184,4.81964278,6.347796958489087 d,0.01029527,0.00589831,6.46087226,12.032937127821612 d,0.00359292,0.0029988,2.25476251
,229945862,19,0.00022836,0.00130231,0.05548957403348214 d,0.00513862,0.00127121,3.94578628,4.45288058123083 d,0.00453681,0.00187444,3.48367848,6.041202967194181 d,0.00417387,0.0023713,3.20498222,10.057160921115322 d,0.00250236,0.00215877,1.92148621
,229945862,20,0.00023504,0.00127535,0.07361624252498346 d,0.00408915,0.00124932,3.2062961,1.4211336218536368 d,0.00466459,0.00172608,3.65749244,7.661363642094694 d,0.00293052,0.00169954,2.29781085,10.288940899541686 d,0.00176979,0.00111725,1.38769131
,229945862,21,0.00023812,0.00128844,0.05545720630831872 d,0.00581748,0.00128259,4.51514636,0.9570595574433296 d,0.00295588,0.00145483,2.29415705,7.2788945900525714 d,0.00219244,0.00157938,1.70162837,15.0 d,0.00118221,0.00091032,0.91755023
,229945862,22,0.00028884,0.0015325,0.734746275352477 d,0.00507583,0.00145055,3.31211145,4.502417559085648 d,0.00614506,0.00280766,4.00981125,8.189813627127366 d,0.00715491,0.00504162,4.66877063,10.401800659901857 d,0.00469953,0.00249722,3.06656844
,229945862,23,0.00029479,0.00170424,0.055519889453359526 d,0.00505302,0.0016844,2.96496855,2.8995878263110293 d,0.00608798,0.00214142,3.57225443,7.662815431419232 d,0.00463184,0.00266755,2.71783387,10.291559450421065 d,0.00436231,0.00396701,2.55968038
,229945862,24,0.00023269,0.00127097,0.055490536652980336 d,0.00495264,0.00128162,3.89672696,4.342922040661836 d,0.00334524,0.0012903,2.63202633,5.4580915748366365 d,0.00186875,0.00090761,1.47032667,15.0 d,0.00188603,0.00134763,1.48392308
,229945862,25,0.00021773,0.00127652,0.046086681682062924 d,0.00548166,0.00125776,4.29420457,4.324902808625386 d,0.00337283,0.00166874,2.64220051,8.649805617250776 d,0.00332176,0.00272656,2.60218713,10.215993120716842 d,0.00273029,0.00149105,2.1388457
,229945862,26,0.0002353,0.00139877,0.05272167010610706 d,0.00426631,0.00139014,3.05003726,4.461084603272993 d,0.00429824,0.00177755,3.07286571,7.563477681436849 d,0.0026014,0.00180805,1.85977206,10.113168485802865 d,0.00105079,0.00057902,0.75122263
,440765193,7,0.00053282,0.00294836,0.14553081179491403 d,0.03017343,0.00210291,10.2339693,3.432282622963674 d,0.01238313,0.00502236,4.20000605,10.0 d,0.00870722,0.00609003,2.95324333,15.0 d,0.01275367,0.01071007,4.32568321
,440765193,33,0.00065977,0.00198289,0.14539903167090912 d,0.02888495,0.00150101,14.5670696,1.2558384139804462 d,0.01247285,0.00466718,6.29022351,7.208790200860261 d,0.00917593,0.00770003,4.62754615,10.241463817965581 d,0.00742162,0.00635091,3.74282215
,8591766,24,0.00152894,0.00835125,0.9042343897476741 d,0.02768835,0.00775989,3.31547507,4.490455434098561 d,0.04312562,0.0155261,5.16397311,6.229798772038853 d,0.03113503,0.01858314,3.72818946,15.0 d,0.05331847,0.03960813,6.38449136
,8591766,25,0.00137005,0.00803225,0.7192964734862373 d,0.02293789,0.00766616,2.85572393,3.233428458966457 d,0.03454889,0.01415601,4.30127184,4.96365844637206 d,0.03193117,0.02090787,3.97537066,11.101057706930394 d,0.0106269,0.00843759,1.32302901
,417544924,23,0.00217536,0.01242488,0.8864474082896984 d,0.03917933,0.01182458,3.15329568,1.588545274553377 d,0.05002074,0.02156796,4.02585172,6.8865193178676645 d,0.04860121,0.02955856,3.91160289,10.329778976801496 d,0.01526132,0.01191074,1.22828664
,417544924,24,0.00285813,0.01561141,0.8409540810471938 d,0.0453521,0.01417672,2.90506189,1.1352644322495042 d,0.06636181,0.02876602,4.25085409,7.255571736165505 d,0.13508302,0.06294339,8.65284071,11.190472082949226 d,0.06533273,0.05273033,4.18493527
,144599609,4,0.01512743,0.09074714,0.0695265759982805 d,0.29273571,0.09072708,3.22583968,1.0593903926944666 d,0.26485002,0.10009114,2.91854966,7.164800468701848 d,0.14406177,0.10158447,1.58750767,15.0 d,0.14524804,0.08190243,1.60057986
,144599609,31,0.0314982,0.09860044,0.022634462241788725 d,0.33416904,0.09891724,3.38912308,4.635350059194307 d,0.25001955,0.09650503,2.53568389,4.94395188717643 d,0.1744781,0.07641662,1.76954679,15.0 d,0.11377633,0.09495622,1.15391295
,207440438,16,0.01168441,0.06421921,0.09716767477519259 d,0.2089354,0.06330833,3.25347178,2.1743773483947955 d,0.22874942,0.08648367,3.56200909,7.111887302026742 d,0.12336562,0.08054925,1.92100787,12.061194514208559 d,0.03133926,0.02349913,0.48800442
,207440438,22,0.00994318,0.05259087,0.6854497908340399 d,0.15513261,0.04490175,2.94980122,1.8252411187776378 d,0.30276018,0.13295678,5.75689638,7.298857348119112 d,0.27277597,0.18617351,5.18675547,15.0 d,0.21277549,0.11919641,4.04586377
,207440438,23,0.00926121,0.05371173,0.7231725602799675 d,0.19694005,0.0473693,3.6666112,2.6836026102509614 d,0.24946466,0.13009824,4.64450951,5.968289103096741 d,0.24986503,0.13193355,4.6519635,13.482091634199216 d,0.24163843,0.17953184,4.49880139
,207440438,24,0.01090441,0.05956113,0.044429862195905424 d,0.18029663,0.05552768,3.02708546,3.6277847109259125 d,0.37858218,0.09320348,6.35619546,6.878043181357025 d,0.29824054,0.17274004,5.00730161,13.471333999803237 d,0.32005986,0.26549673,5.37363651
,207440438,25,0.01106723,0.06488445,0.27664979936438283 d,0.21210029,0.06364337,3.26889241,1.089252381606343 d,0.21600346,0.09121312,3.32904811,6.4668384712569305 d,0.23968966,0.13651649,3.6941001,10.215891940995716 d,0.04814739,0.03552357,0.74204824
,219094190,15,0.00096968,0.00525423,0.6914897340909311 d,0.0177257,0.00469511,3.37360303,3.421054517390885 d,0.03302117,0.01112966,6.28467791,6.84210903478177 d,0.0334929,0.01736649,6.37445886,10.263163552172655 d,0.00632808,0.00373829,1.204377
,219094190,16,0.000804,0.00441677,0.831223650120847 d,0.01507611,0.00422378,3.4133797,3.3617749122721823 d,0.0154291,0.00750196,3.49329952,6.375404883713632 d,0.02206817,0.01238632,4.99645157,10.085324736816554 d,0.01321757,0.00813623,2.99258847
,219094190,19,0.00102626,0.00581952,0.042244656869113176 d,0.01747096,0.00568086,3.00213221,1.9939073172152126 d,0.01825283,0.00892855,3.13648574,7.104947004362851 d,0.01027113,0.00694827,1.76494559,15.0 d,0.01245552,0.01072889,2.14030138
,219094190,22,0.00108434,0.00581607,0.042955879111679744 d,0.0164817,0.0052659,2.8338196,4.643387511177041 d,0.02833272,0.01092896,4.87145238,6.845562088560446 d,0.04145776,0.02614997,7.12813657,10.26834313284067 d,0.01902596,0.01284547,3.27127363
,219094190,24,0.00071211,0.0038896,0.9565806594752567 d,0.01256294,0.00366035,3.22987919,3.627785551747724 d,0.01904558,0.00741285,4.89654113,5.24163129050691 d,0.01576253,0.01104268,4.05248167,11.190471179961042 d,0.00953107,0.00806049,2.45039835
,219094190,25,0.00082592,0.00484218,0.14657488488683826 d,0.01551167,0.00467418,3.2034461,5.0 d,0.01842246,0.00864537,3.80457641,4.96367515771729 d,0.01848141,0.01119049,3.81675197,10.215940027650419 d,0.01176345,0.00611494,2.42936941
,233095291,14,0.00317703,0.01697081,0.8171428652539774 d,0.08054751,0.0076695,4.74623806,2.445838152201558 d,0.31050566,0.05466292,18.2964546,10.0 d,0.05721545,0.02871515,3.37140324,13.490566111428446 d,0.07903283,0.0740604,4.6569861
,233095291,15,0.00234232,0.01269196,0.8176093394302121 d,0.05841227,0.00617948,4.60230552,2.4528241265689514 d,0.22190099,0.04227129,17.4835896,9.28571106793197 d,0.03139216,0.01679873,2.47339001,10.263142171298412 d,0.02459121,0.01279894,1.93754267
,233095291,16,0.00239968,0.01318266,0.8201492272186981 d,0.05217064,0.00552223,3.95751916,2.481102822260844 d,0.23653762,0.04523099,17.9430826,6.061527975697167 d,0.03735911,0.02447568,2.8339573,10.085309718072175 d,0.02631817,0.01339562,1.99642293
,233095291,18,0.00336673,0.0185487,0.8129167629028248 d,0.07971672,0.00724538,4.29769827,2.4172117142029053 d,0.30846289,0.06243509,16.6298917,10.0 d,0.03674658,0.02172879,1.98108649,13.353650520848088 d,0.07204132,0.05950786,3.88390109
,233095291,19,0.00277948,0.01585899,0.813306549040515 d,0.05570412,0.00731678,3.51246304,2.420414632186632 d,0.25631278,0.05684995,16.1619854,5.040881321253082 d,0.06960717,0.04424125,4.38912986,10.054360273683319 d,0.03421247,0.02167178,2.15729145
,233095291,20,0.00340924,0.01849909,0.8137124711253778 d,0.05361076,0.00773753,2.89802111,2.462800674472839 d,0.35001134,0.06409467,18.9204601,6.209274149038126 d,0.03247136,0.02654916,1.75529475,10.288978658032123 d,0.03053878,0.02681557,1.65082573
,233095291,21,0.0030625,0.01657882,0.8169106255564568 d,0.06542051,0.00818427,3.94603038,2.44389721561058 d,0.29689558,0.05481833,17.9081303,8.16910625556455 d,0.05323259,0.03577831,3.21088048,15.0 d,0.05248589,0.03548821,3.16584095
,233095291,22,0.00236746,0.01249958,0.8189823990504704 d,0.05982694,0.00578566,4.78631689,2.4612821991215568 d,0.21593743,0.04331402,17.2755772,5.307546167821164 d,0.03599186,0.02194122,2.87944561,13.507262073750509 d,0.02543315,0.02196612,2.03472083
,233095291,23,0.00233732,0.01332233,0.8146724586589585 d,0.04670898,0.00581206,3.50606609,2.425292683234885 d,0.21924249,0.05009683,16.4567627,8.146724586589588 d,0.05391612,0.02691456,4.04704776,10.30946000466586 d,0.03276927,0.01787832,2.45972413
,233095291,24,0.0031548,0.01723188,0.8100354658346358 d,0.06491834,0.00795423,3.76733833,2.42825148483119 d,0.30012025,0.0593377,17.4165666,6.878062683087253 d,0.03708669,0.01895154,2.15221325,15.0 d,0.03075159,0.02622916,1.78457505
,233095291,25,0.00339924,0.01992894,0.8206573427691884 d,0.09832243,0.01115238,4.93365147,2.4346862736633494 d,0.31318371,0.06843789,15.7150226,6.156169300613117 d,0.04555624,0.03277237,2.28593407,15.0 d,0.0385232,0.03437329,1.93302803
,233095291,26,0.00302951,0.01800931,0.8213896529335585 d,0.07352912,0.01040266,4.08283874,2.442626849218052 d,0.29742397,0.05900626,16.5150102,5.539041167488979 d,0.0264086,0.0178674,1.46638596,10.113132452824768 d,0.01891784,0.01221784,1.05044748
,219114641,14,0.00130057,0.00694728,0.07309611017227939 d,0.06708467,0.00624575,9.65624484,3.5454573223790633 d,0.01594615,0.00604415,2.29530703,6.908218310947308 d,0.02294655,0.01298843,3.30295283,11.230374090799613 d,0.01078276,0.00923986,1.55208299
,219114641,15,0.00134789,0.00730359,0.07307518083882705 d,0.06299796,0.00652306,8.62561358,2.7083410254794904 d,0.02634601,0.00975894,3.60726791,6.842118652245599 d,0.02690008,0.01453982,3.68312975,12.187514160518024 d,0.01155629,0.00965736,1.58227441
,219114641,16,0.00135587,0.00744848,0.07306608226028768 d,0.06191751,0.00668431,8.3127664,4.624414612198935 d,0.02486493,0.00919183,3.33825331,5.064277905798304 d,0.02028854,0.00802763,2.72384813,12.061234466771962 d,0.00450005,0.00381161,0.6041562
,219114641,17,0.00126507,0.00719579,0.07308595616652927 d,0.06139207,0.00659439,8.53166551,4.6293449711191705 d,0.0141158,0.00706695,1.96167539,6.408346786405944 d,0.01475596,0.00975964,2.05063858,13.391666075750539 d,0.00810187,0.00713872,1.1259185
,219114641,18,0.00131202,0.00723195,0.07304393245738437 d,0.05524174,0.0067047,7.63856824,1.4257828480436852 d,0.02123649,0.00878409,2.93648242,10.0 d,0.01407191,0.01166538,1.94579709,10.045876761844296 d,0.01414655,0.01325151,1.95611869
,219114641,20,0.00127054,0.00689418,0.07308333168456796 d,0.06079769,0.00599627,8.81870273,1.2947698692992025 d,0.01873472,0.00822125,2.71747079,5.219912743397927 d,0.01341495,0.00741987,1.94583792,10.288980294572742 d,0.00734158,0.00470495,1.06489633
,219114641,21,0.00121637,0.00656036,0.07307850580883925 d,0.06092151,0.00595295,9.28630859,1.183509283442271 d,0.01482995,0.00722757,2.26053988,5.998137231952916 d,0.0120298,0.00800609,1.83371055,15.0 d,0.01262516,0.00970102,1.92446162
,219114641,23,0.00155447,0.00883287,0.07304435487413043 d,0.05881352,0.00828125,6.65848114,2.634491549504297 d,0.03172185,0.01406482,3.59134026,7.277359585225809 d,0.02297402,0.01390875,2.60096768,11.221562164498355 d,0.01347417,0.01155397,1.52545695
,219114641,24,0.00123556,0.00674876,0.07306430269254459 d,0.05314976,0.00599487,7.87548149,3.627783432166573 d,0.0175534,0.00776736,2.60098008,7.255566864333146 d,0.01129851,0.00786568,1.67416011,12.22542472501725 d,0.00358366,0.00325811,0.53100981
,219114641,25,0.00131258,0.00769533,0.08495631273304126 d,0.05598797,0.00697031,7.2755787,2.1854983288544787 d,0.0141022,0.0068853,1.83256635,5.873920108847818 d,0.01483066,0.00958117,1.92722939,10.215939594238874 d,0.00940675,0.00721941,1.22239784
,219114641,26,0.00133587,0.00794126,0.0730751877531743 d,0.05853908,0.00730583,7.37151229,1.0026935767059173 d,0.01807539,0.00764381,2.27613681,8.612719426077332 d,0.01552344,0.01028386,1.95478393,10.11312951544722 d,0.01394208,0.01162799,1.75565135
,233067231,14,0.0009266,0.00494963,0.7837040563029103 d,0.01497584,0.0046916,3.02564887,5.0 d,0.02992134,0.00791295,6.04516684,5.07691231385722 d,0.02952942,0.01316814,5.96598512,12.25713320551543 d,0.00481834,0.00356029,0.97347461
,233067231,15,0.00125319,0.00679048,1.0 d,0.03547994,0.00622294,5.22495225,1.007743953707942 d,0.03654758,0.01509209,5.38217788,6.190452789662229 d,0.02410952,0.01746892,3.55048753,15.0 d,0.01334475,0.00926794,1.96521477
,233067231,16,0.00101935,0.00559978,0.34867049537521927 d,0.01587403,0.00518133,2.83476009,3.3617646993564003 d,0.03899881,0.0115538,6.96434961,6.723529398712804 d,0.02591876,0.01265373,4.62853389,15.0 d,0.00931686,0.00660722,1.66379068
,233067231,17,0.00111741,0.00641901,0.05645925263154466 d,0.01960974,0.00615733,3.05494909,2.571478767819007 d,0.02420859,0.01061553,3.77139153,7.5273475316230165 d,0.02034309,0.01376802,3.16919587,13.354897575938686 d,0.0285595,0.0238131,4.44920702
,233067231,18,0.00100041,0.0055493,0.46675019827703024 d,0.01727108,0.00515579,3.11229598,3.5436821881882685 d,0.02703815,0.01106832,4.87234932,6.033041313471914 d,0.01957778,0.01198912,3.52797102,12.032950585918718 d,0.01464845,0.01285564,2.63969144
,233067231,19,0.00086526,0.00489153,0.6754890061056391 d,0.0198874,0.00486298,4.06568144,3.1042608230700726 d,0.0165921,0.00565426,3.39200633,5.770915613527331 d,0.01198345,0.00950145,2.44983824,10.076910207738843 d,0.00755409,0.00346307,1.54432
,233067231,20,0.00085632,0.00464655,0.32513179161639244 d,0.01791733,0.00463009,3.8560527,2.17647048417847 d,0.01474545,0.00516882,3.17342215,7.661388398856692 d,0.01223385,0.00719267,2.63289146,11.165680231727848 d,0.0058645,0.0049861,1.26212113
,233067231,21,0.00092006,0.004944,0.050332020762256305 d,0.01458361,0.00481856,2.94975974,2.7057445429489415 d,0.01567266,0.00781537,3.17003839,6.5957607444364825 d,0.01420445,0.00744471,2.87306866,10.399383841015554 d,0.01234628,0.0088335,2.49722632
,233067231,22,0.00112922,0.00594095,0.5614950285684576 d,0.01763995,0.00550634,2.96921081,3.8618932543166458 d,0.0348428,0.01189535,5.8648484,6.934559602444725 d,0.02683994,0.0157412,4.51778174,15.0 d,0.01425574,0.00815185,2.39957118
,233067231,23,0.00131952,0.00756021,0.6530606389100165 d,0.02787249,0.00735444,3.68673298,3.6386905850015836 d,0.02568924,0.01199766,3.39795209,6.901574060147654 d,0.01707512,0.00942765,2.25854959,10.35236109022148 d,0.00732774,0.006194,0.96925016
,233067231,24,0.00085717,0.00468194,0.1700857210929337 d,0.01719185,0.00469543,3.6719481,1.5118037176018075 d,0.01083843,0.00540502,2.31494441,9.296709234938255 d,0.00744624,0.00359738,1.5904168,10.317102423933209 d,0.00560308,0.00265663,1.19674237
,233067231,25,0.00161192,0.00945027,0.8422357651120049 d,0.03472975,0.00864673,3.675003,3.40532183483081 d,0.05548491,0.01910555,5.87125443,5.873939382052904 d,0.04473185,0.02632067,4.73339641,15.0 d,0.02161679,0.01598813,2.28742651
,233075513,14,0.00112019,0.00598377,0.19540858933980432 d,0.01821928,0.00563266,3.04478509,2.491289260302006 d,0.02358377,0.01083298,3.94129179,5.727636969911899 d,0.02421784,0.01498265,4.04725777,13.490566104740264 d,0.02646602,0.02414369,4.42297129
,233075513,15,0.00172604,0.00935263,0.8333327886201933 d,0.03045744,0.00871304,3.25656511,3.4210483945883468 d,0.05067883,0.01665514,5.41867196,8.124994025178214 d,0.04461494,0.02493381,4.77031021,15.0 d,0.03788339,0.02894854,4.0505609
,233075513,16,0.00126722,0.00696148,0.9840159410020436 d,0.02033922,0.00667236,2.92167988,3.361771731763353 d,0.03013542,0.01260791,4.3288802,7.111907740231304 d,0.02798919,0.01827847,4.02057971,10.08531519529006 d,0.00911992,0.00444342,1.31005507
,233075513,17,0.00175981,0.01004622,0.7141146273677703 d,0.0290823,0.00839208,2.8948506,2.1919505913314987 d,0.05130966,0.02623661,5.10736065,6.754919725133554 d,0.0775202,0.03971125,7.71635627,15.0 d,0.04224114,0.03100693,4.20468069
,233075513,18,0.00143998,0.00793343,0.04185766093734951 d,0.02319139,0.00753517,2.92324847,1.346860101538486 d,0.03003326,0.01229249,3.78565828,7.0873715774975565 d,0.03324367,0.02588109,4.19032751,10.045860206904036 d,0.01603435,0.01064393,2.02111173
,233075513,19,0.00147262,0.00837639,0.11676903545930324 d,0.02664833,0.00796053,3.1813606,2.8139931971042498 d,0.03798599,0.01463305,4.53488618,7.535294293906535 d,0.02341697,0.01564849,2.79559149,10.062843990690627 d,0.01630101,0.01426553,1.94606612
,233075513,21,0.00217731,0.01174313,0.3369825245800652 d,0.0330065,0.01018052,2.81070579,5.0 d,0.06620623,0.02422648,5.6378665,7.710200789219952 d,0.09458226,0.06607118,8.05426005,15.0 d,0.04599513,0.03046741,3.91676744
,233075513,22,0.00109182,0.00575687,0.05623831649238218 d,0.0222163,0.00534218,3.85909411,1.8768101209697114 d,0.02390457,0.0112038,4.15235577,6.926365661254304 d,0.02906994,0.01689593,5.04960912,15.0 d,0.01066491,0.00811125,1.85255361
,233075513,24,0.00114421,0.00624982,0.07330798350204652 d,0.01988873,0.00617183,3.18228606,1.329356906545658 d,0.01986585,0.00837092,3.17862489,6.537877047676133 d,0.0097306,0.00639269,1.55693978,10.317087356335627 d,0.00801901,0.00590328,1.2830782
,233075513,25,0.00124473,0.00729755,0.6276799845233544 d,0.02278865,0.00706708,3.12278118,4.638010294546555 d,0.02555107,0.01090537,3.50132132,4.963689654610051 d,0.0218661,0.00980336,2.99636226,15.0 d,0.01428824,0.01225777,1.95794964
,233075513,26,0.00155613,0.0092506,0.992010667099729 d,0.04974441,0.00907125,5.37742434,0.9946610175251543 d,0.05011257,0.01329611,5.41722216,7.129190382508846 d,0.03089025,0.01801606,3.33926916,11.009857625343722 d,0.01594172,0.01295898,1.72331742
,219897252,14,0.00171677,0.0091705,0.38296747995438324 d,0.02441308,0.00662018,2.66213087,2.8638192151687463 d,0.11913822,0.02387823,12.9914582,7.70197600902198 d,0.0696407,0.03794819,7.59398778,10.362320910774343 d,0.04202539,0.03451863,4.58267006
,219897252,15,0.00160303,0.00868612,0.0954484595002285 d,0.02441716,0.00710719,2.81105614,2.8888972061605807 d,0.08653778,0.01934207,9.96277123,5.0000170470486935 d,0.05491407,0.04182408,6.32205084,10.26317999448412 d,0.03818986,0.03045012,4.39665589
,219897252,16,0.00141067,0.0077495,0.6760482790801331 d,0.01980814,0.00637036,2.55605226,2.888572005014444 d,0.09210805,0.01867543,11.8856708,5.281519636005435 d,0.03632728,0.02017675,4.68769071,10.08534849128962 d,0.01372765,0.00760937,1.77142349
,219897252,18,0.00175332,0.00966445,0.041671721941821956 d,0.03121591,0.00728436,3.22997423,2.874024874957395 d,0.10333693,0.02916818,10.6924834,5.4887402978896285 d,0.04133419,0.02160604,4.27693284,13.353669483033984 d,0.02316198,0.02064798,2.39661715
,219897252,19,0.00185352,0.01053213,0.2701221724375107 d,0.02761926,0.00892421,2.62238224,2.8823584735719354 d,0.10557686,0.02594992,10.0242695,5.05155772035857 d,0.03383021,0.01785411,3.21209722,13.363642970495915 d,0.0168332,0.01325986,1.59827148
,219897252,20,0.0017786,0.00965095,0.0806887157439254 d,0.02331859,0.00707847,2.41619595,2.89861922790916 d,0.13558009,0.02685517,14.0483678,5.019955637194647 d,0.05120546,0.02530102,5.30574327,12.205695312242014 d,0.01989273,0.01626807,2.06122
,219897252,21,0.00148817,0.00801889,0.0840001598793645 d,0.02096846,0.00572106,2.61488146,2.8713936649193688 d,0.11314809,0.0229095,14.1101859,8.7088067119146 d,0.04589638,0.02996042,5.72352916,10.382140135967301 d,0.02038313,0.01448185,2.5418877
,219897252,22,0.00200435,0.01054977,0.9004830511964528 d,0.02435711,0.00820179,2.30878095,2.8789121321479474 d,0.13057113,0.02986231,12.3766816,4.922534079146604 d,0.06525633,0.03441684,6.18556905,12.284709010302077 d,0.03362576,0.0289703,3.1873452
,219897252,23,0.00203524,0.01156469,0.07348586530979966 d,0.02708031,0.00920657,2.34163698,2.859998333291937 d,0.14158681,0.03009211,12.2430256,6.25546487710545 d,0.04616481,0.02768776,3.99187627,15.0 d,0.03661642,0.02598113,3.1662256
,219897252,24,0.00146129,0.00798175,0.3344910449849882 d,0.01856505,0.00593207,2.32593731,2.846556537880467 d,0.10564075,0.02105694,13.2352904,7.6769343715434495 d,0.03169605,0.0227677,3.9710664,10.317043141812741 d,0.02271345,0.01750776,2.84567408
,219897252,25,0.00147094,0.00862378,0.9343659639502273 d,0.02755994,0.00680279,3.19580591,2.8711386915972867 d,0.10044544,0.02398484,11.6474917,5.616418683951887 d,0.04725715,0.02509832,5.47986258,10.21592080937617 d,0.00761313,0.00359132,0.8828061
,219897252,26,0.00150327,0.00893639,0.04438999809345811 d,0.02638046,0.00698242,2.95202613,2.832695028624513 d,0.09677536,0.02440551,10.8293554,5.08531488695874 d,0.04370933,0.03167151,4.89116138,10.113109852327305 d,0.02217307,0.01438845,2.48121033
,233205654,14,0.00276575,0.01477386,0.047538828661075616 d,0.04928828,0.01414902,3.33618191,3.367346663230012 d,0.05843267,0.02608234,3.95513945,5.727636235899662 d,0.0570282,0.03331665,3.86007493,15.0 d,0.02526659,0.01978469,1.71022314
,233205654,16,0.0028562,0.01569055,0.7195033025355618 d,0.04619039,0.01459344,2.94383489,2.339667553821935 d,0.06655136,0.03294296,4.24149312,5.064267543720627 d,0.06462174,0.03555196,4.118513,10.085324485288256 d,0.02668424,0.01968612,1.70065692
,233205654,17,0.00235513,0.01339614,0.1850596535019428 d,0.03635749,0.01240005,2.71402647,3.570579286674649 d,0.06958707,0.02432123,5.19456015,7.141158573349293 d,0.08376999,0.04943221,6.25329182,10.132399397069673 d,0.04108424,0.03305615,3.06687107
,233205654,18,0.00288315,0.01595394,0.2202071614283447 d,0.04345574,0.01384403,2.72382494,4.4491212587618225 d,0.13433747,0.03400363,8.42033237,10.0 d,0.074519,0.05207105,4.67088377,13.34736377628547 d,0.08999361,0.08358082,5.6408397
,233205654,20,0.00203148,0.01102314,0.04869563532187986 d,0.03565831,0.01100897,3.23485837,2.9641878001340247 d,0.03056382,0.01282777,2.77269544,6.518140485651599 d,0.02488004,0.01831673,2.25707272,10.28899403976947 d,0.0185001,0.010168,1.67829652
,233205654,21,0.00293959,0.01587646,0.3786685059638621 d,0.04892608,0.01318563,3.08167387,5.0 d,0.1052944,0.0348838,6.63210705,7.710200033375937 d,0.13968119,0.09158531,8.79800397,15.0 d,0.10550884,0.06974154,6.64561347
,233205654,23,0.00283554,0.01612875,0.42983640213548907 d,0.04679853,0.01498419,2.90155947,3.7390522839800484 d,0.09193244,0.03319325,5.69991051,5.065237859652342 d,0.05991256,0.03532279,3.71464346,15.0 d,0.05189898,0.0290734,3.21779304
,233205654,24,0.00223368,0.01220059,0.041670646921937636 d,0.0385532,0.01220784,3.15994562,4.3429140327491025 d,0.03620363,0.01716946,2.96736783,10.0 d,0.02426956,0.01095831,1.9892124,10.317063134641511 d,0.02405387,0.01608393,1.97153316
,233205654,25,0.00276574,0.01621488,0.061182832420564055 d,0.05688353,0.01594118,3.50810657,2.14884185594906 d,0.05875384,0.02418736,3.62345205,7.192974045522305 d,0.0638254,0.03475795,3.93622397,11.101071012838842 d,0.02510095,0.02157794,1.54801943
,233205654,26,0.00292301,0.01737619,0.9324153351418539 d,0.05489899,0.01726459,3.15943804,0.9347531103019756 d,0.05544212,0.02423518,3.19069551,7.1291806185740425 d,0.04449293,0.02633128,2.56056906,11.009843653325426 d,0.02331416,0.02088437,1.34173018